{"nrClass":4,"l":52,"supportVectors":[[[-1.0089711778803685,0.7955978954690468,-1.4153197429946038,-0.14946842100732627,0.3804140171344853],[0.28743198692419736,1,1]],[[-1.4206133832253465,-0.4345807230100287,0.22366675433017094,-1.9728499864389661,0.7438290163144032],[0,1,0]],[[0.5719810384336745,0.8100442493339475,0.275517226363257,-0.1742040405248424,-1.5775549715835238],[1,0.7807856792555679,0.05899802760542241]],[[-0.006502480735655569,0.8262949121652757,-0.525817835268861,-0.5040793032081332,-0.9791655023025052],[0.42463659762047407,0,0]],[[-1.596178946410749,0.9597973682468779,-0.4985820234569017,-0.8438363717722838,-0.06270459357551217],[0,1,0]],[[-1.4095952379271726,0.5813697557295388,-1.4754184349311923,-0.3950862242043971,0.026381299758344467],[0,1,0]],[[-0.02172164709203983,-0.9171696098642037,-0.4832220412481002,-0.8188775293491114,0.3107867163986225],[0,1,0.02257936375437428]],[[0.8412552898511335,-0.8714236017298884,0.645540544697403,-1.1890417567018154,-1.0949623547824503],[0,0.9106414370236593,0]],[[-0.7724539554025063,-0.5413106366382616,-0.6823680273352964,-1.4347838830690745,1.1338317173109198],[1,0,0]],[[1.791401313029018,-1.2984053769463744,-0.4921770434359306,0.7245457686876734,-0.27662708494740607],[1,1,1]],[[0.5429880982871379,-0.9709340555972887,-0.1304150036112563,-0.9386209109773952,-0.4425707610005549],[0,1,0]],[[-1.2855551542929164,0.9706786848529194,-1.241170866563846,-0.645005917406043,0.3895344762034985],[0,0.32073643936309465,0]],[[0.7224103924540222,-0.6902987303608412,-0.804351693580526,-1.2073901372148774,0.20975414751721033],[1,0,0]],[[-0.7679200002560707,0.8960554599880344,-1.4741446140756045,-0.30013030696620435,0.3541713870101758],[1,0,0]],[[0.3645060034622768,0.822555354437076,-0.38217453162794024,-0.43474045191196686,-1.2377491636969746],[1,0,0]],[[0.6651260152166822,2.3841923244310337,1.5757851480319285,0.5628073188607311,1.3231382315626932],[0,0,0.5514137104850513]],[[-0.9756375786907829,0.006963347937623765,1.5039007182978616,-1.0786028656452162,1.3040974759749886],[0,0.21306704615290512,1]],[[-0.17410680267548556,-0.37375826471389806,0.027196533445090987,-0.8673061619420241,1.1396965301086297],[0,1,0]],[[-0.28222905662985875,0.8754349745541758,-0.31618281579252805,0.15559945774919837,-0.31479582722175176],[-1,1,1]],[[1.914012426189926,0.08062352738746048,-1.9210525136931356,1.3542542356320981,-1.2601934124505982],[-1,1,0.7533319416788204]],[[2.0724934080855384,-0.9481705302009542,-1.322277123417276,0.14822320243488485,0.30306765040795675],[-0.4273408793587633,0,0]],[[0.4475683753341254,1.2223637083727716,-0.9187136409869143,-0.3746890812768678,-0.10875446565451286],[-0.660428478086701,0,0]],[[1.2485762805372385,-0.4130908219063797,0.34172300745123985,-1.3339876347564898,-0.3473624342216659],[-1,0,0]],[[0.04136477341628991,-0.6415236810697781,-0.703378281435468,-0.49748690948610397,1.2196178861964388],[-1,1,0.12144693262902305]],[[-0.9799577819688239,1.5314376356892199,0.23133187449045806,-1.1383834954090628,0.03659113983513543],[-1,0,0]],[[0.02883733844372105,-0.49386673245267176,-0.7303603276287138,-0.2807174985355669,1.7141464254520096],[0,0,1]],[[-0.4038700129493809,-0.1720952471404933,0.7740942141587501,-1.4652775596026588,0.7419955089147778],[-0.624299227099207,0.11374753019936162,0]],[[0.24955628369293947,-0.8825124754655982,0.4863814785374244,-0.7249026483329146,-0.2968106418805991],[-1,-1,0]],[[0.05271040607984431,-1.0042675807982393,-0.7400795136480063,-0.10112824701446987,0.8269493053916146],[-1,-1,0.7603048534456265]],[[0.31316253333267613,-1.1383579017960652,0.08090556428094559,-0.6779193677627537,-0.5618636746243726],[-1,0,0]],[[-0.0866376956678897,-0.8456197454820216,0.711049732386168,-1.4353174617125362,-0.7334839031704785],[-1,-0.3272924604609406,0]],[[-0.22170704744791436,0.427908644562468,0.46019578804893035,0.4990564576094429,-1.4460136592450046],[0,0,1]],[[-0.23220365137914345,-0.8948112659566435,0.6414406103635646,-1.261858888218402,-0.5639811941983259],[-1,0,0]],[[-1.60992143723742,0.8764791750230345,-0.8169339193663858,-0.23765733647125714,0.4608750453055164],[-1,-0.6326156877287962,0]],[[-1.7191080886418746,0.8030993368301247,-0.8697845921483107,-0.30809994236464483,0.35378526219581274],[-1,0,0]],[[-1.1533765632278954,0.4377940995910175,-0.884280831474428,-0.1752816408566169,-0.5971847313307883],[-1,0,0]],[[-0.9474371639815449,-2.0219997669765606,1.6855579405348569,1.1803793769917452,-1.0740733306461276],[0,0,0.08660507894123927]],[[-0.2882724325535053,-1.4957490169797256,-1.239516613695642,0.8872002319589094,1.1435410950695084],[0,0,0.44822895143429636]],[[-0.6248092317202139,-1.113162356979677,-1.1131614758193755,0.2112760709872753,1.488212282474155],[0,0,1]],[[0.6352649878922323,-0.051307477229556975,-2.4382305589585513,1.9001543157275198,-0.013998248506720434],[-0.012163555642321803,-0.36690642816252966,0.24023531010666815]],[[-0.8844364713058352,-1.005682466865331,0.3471361810177425,-0.1520103229533601,0.6722312831664121],[0,0,1]],[[-0.3484949400324182,0.5173563791055398,-0.19283709879086092,0.45336842004297256,-0.8294467538280466],[0,0,0.7837293094432581]],[[0.2233936612487144,0.2438604350417436,-1.4228597882234042,1.0390390544535666,-0.4925315389104236],[-1,-1,0]],[[0.11966014543622318,-0.24284221845171583,1.221553778194538,-0.45890516685605864,0.8276473873725303],[0,-1,0]],[[1.1317325440530368,0.34956128642926576,-0.6415081571594047,1.8934458780419,-0.6066720187605503],[0,-0.196193082240039,0]],[[-0.4896978546656563,-0.9417801663927114,0.7686318944182107,0.2392180292285434,0.6246300567962996],[0,0,-1]],[[-0.11570612033745453,0.6055173975673065,-1.857903505123177,1.3302836158337727,0.9333848250691195],[-1,-1,-1]],[[-1.8640184009373277,0.9537505823080805,0.4614789185156203,0.061322549326210174,0.22536002781095332],[0,-0.05966438778527492,-1]],[[0.6781441352752776,-0.8993423152710056,1.433711666505664,0.0260405133024752,-0.5580656722538856],[-0.8482848299159111,-0.17033511476758073,-0.3191035033710895]],[[0.9994195132512496,-1.3934466133306116,-1.4936715479724232,1.3696050714210115,1.131860498507685],[-0.2332925614438859,0,-1]],[[-0.7879740397830657,1.3371001312626059,-0.22190221722731895,0.3676738391670036,1.0228983356264394],[0,-1,0]],[[0.28541181625477796,-0.8076620566404614,1.1512396607758943,-0.0801880066400325,-0.055143511481442045],[0,-1,-1]]],"nbSupportVectors":[15,12,16,9],"labels":[0,2,1,3],"rho":[0.44160701987620116,0.7388270659421616,0.13456006981817942,0.009189966629870686,-0.17884690892608435,-0.08909337102950667],"params":{"svmType":0,"kernelType":0,"degree":[],"gamma":[],"r":[],"c":1,"nu":[],"epsilon":[],"kFold":4,"normalize":true,"reduce":true,"retainedVariance":0.95,"eps":0.001,"cacheSize":20000,"shrinking":true,"probability":false,"color":true,"interactive":true,"cwd":"/Users/zhenfangzhang/workspace/hackathon/wecare/utils","mu":[36.526881720430104,0.5053763440860215,1.3779632267620432,6854.8387096774195,193.2951425520429],"sigma":[13.0331186060326,0.4999710940887172,1.0826001930029687,3596.170263680973,131.3904782188091],"u":[[-0.6484094381910012,0.08714476887088464,-0.2447808050307408,0.010169301199350772,0.7155067662327795],[0.23359841839693787,-0.7932145778504964,0.24170518975920358,-0.3184143185334699,0.3955165425165432],[0.42152459472597076,0.46066116918405564,0.5503712760223928,0.21435033895276312,0.5111298210507815],[0.4166101174739474,-0.21172571827382092,-0.5751589493920777,0.6417298258737446,0.1974417477587604],[-0.41683330654678785,-0.32585262032291884,0.4979403580707788,0.6638867899279755,-0.17714342873906438]]}}